{
    "task": "env",
    "seq_len": 100,
    "overlap": 0.4,
    "split": "random",
    "test_env": null,
    "model": "resnet",
    "epochs": 100,
    "batch_size": 64,
    "learning_rate": 0.0001,
    "final_train_loss": 0.1948104386551099,
    "final_train_acc": 0.9336748449716905,
    "final_test_loss": 0.4246820527262136,
    "final_test_acc": 0.8593371059013742,
    "final_test_f1_macro": 0.8579700949700383
}