{
    "feature": "latency",
    "task": "node",
    "seq_len": 100,
    "overlap": 0.4,
    "split": "random",
    "oneout_type": null,
    "test_env": null,
    "test_node": null,
    "model": "resnet",
    "epochs": 200,
    "batch_size": 64,
    "learning_rate": 0.0001,
    "final_train_loss": 0.4474579578350419,
    "final_train_acc": 0.805338366136425,
    "final_test_loss": 0.3924657840254621,
    "final_test_acc": 0.824575586095392,
    "final_test_f1_macro": 0.8248616169134313
}