{
    "task": "node",
    "seq_len": 100,
    "overlap": 0.4,
    "split": "oneout",
    "oneout_type": "one_env_out",
    "test_env": 3,
    "test_node": null,
    "model": "cnn",
    "epochs": 100,
    "batch_size": 64,
    "learning_rate": 0.0001,
    "final_train_loss": 0.8082101200332813,
    "final_train_acc": 0.6453994199841814,
    "final_test_loss": 1.510432477319954,
    "final_test_acc": 0.25845620121422375,
    "final_test_f1_macro": 0.16741573033707866
}