{
    "feature": "latency",
    "task": "node",
    "seq_len": 100,
    "overlap": 0.5,
    "split": "random",
    "oneout_type": null,
    "test_env": null,
    "test_node": null,
    "model": "resnet",
    "epochs": 200,
    "batch_size": 64,
    "learning_rate": 0.0001,
    "final_train_loss": 0.37735718899320875,
    "final_train_acc": 0.8282760170824904,
    "final_test_loss": 0.3666402531168546,
    "final_test_acc": 0.8408631153068106,
    "final_test_f1_macro": 0.8416280499329551
}