{
    "task": "env",
    "seq_len": 500,
    "overlap": 0.4,
    "split": "random",
    "test_env": null,
    "model": "resnet",
    "epochs": 100,
    "batch_size": 64,
    "learning_rate": 0.0001,
    "final_train_loss": 0.07547238460913834,
    "final_train_acc": 0.9931129476584022,
    "final_test_loss": 0.14393887040301115,
    "final_test_acc": 0.9506172839506173,
    "final_test_f1_macro": 0.945715302319076
}