{
    "feature": "latency",
    "task": "node",
    "seq_len": 500,
    "overlap": 0.5,
    "split": "random",
    "oneout_type": null,
    "test_env": null,
    "test_node": null,
    "model": "resnet",
    "epochs": 200,
    "batch_size": 64,
    "learning_rate": 0.0001,
    "final_train_loss": 0.4762514576777799,
    "final_train_acc": 0.7841561423650976,
    "final_test_loss": 0.3895902389922912,
    "final_test_acc": 0.8144329896907216,
    "final_test_f1_macro": 0.810436040690456
}