{
    "task": "node",
    "seq_len": 1000,
    "overlap": 0.5,
    "split": "leave_one_env_out",
    "test_env": 4,
    "model": "cnn",
    "epochs": 100,
    "batch_size": 64,
    "learning_rate": 0.0001,
    "final_train_loss": 1.1878089426362066,
    "final_train_acc": 0.49889135254988914,
    "final_test_loss": 1.3855571798656299,
    "final_test_acc": 0.4434782608695652,
    "final_test_f1_macro": 0.364406779661017
}