{
    "task": "node",
    "seq_len": 500,
    "overlap": 0.4,
    "split": "leave_one_env_out",
    "test_env": 4,
    "model": "resnet",
    "epochs": 100,
    "batch_size": 64,
    "learning_rate": 0.0001,
    "final_train_loss": 0.9241121358822046,
    "final_train_acc": 0.6191709844559585,
    "final_test_loss": 1.3916335003025035,
    "final_test_acc": 0.233502538071066,
    "final_test_f1_macro": 0.09465020576131687
}