{
    "task": "node",
    "seq_len": 100,
    "overlap": 0.5,
    "split": "leave_one_env_out",
    "test_env": 3,
    "model": "resnet",
    "epochs": 20,
    "batch_size": 64,
    "learning_rate": 0.001,
    "final_train_loss": 0.41389101856357446,
    "final_train_acc": 0.838021978021978,
    "final_test_loss": 3.273646903150161,
    "final_test_acc": 0.26772793053545585,
    "final_test_f1_macro": 0.23920236206592632
}