{
    "feature": "latency",
    "task": "node",
    "seq_len": 500,
    "overlap": 0.4,
    "split": "random",
    "oneout_type": null,
    "test_env": null,
    "test_node": null,
    "model": "cnn",
    "epochs": 200,
    "batch_size": 64,
    "learning_rate": 0.0001,
    "final_train_loss": 0.7925409828992586,
    "final_train_acc": 0.6446280991735537,
    "final_test_loss": 0.7522981299294366,
    "final_test_acc": 0.7283950617283951,
    "final_test_f1_macro": 0.7345307124926121
}