{
    "task": "node",
    "seq_len": 100,
    "overlap": 0.4,
    "split": "random",
    "test_env": null,
    "model": "cnn",
    "epochs": 100,
    "batch_size": 64,
    "learning_rate": 0.0001,
    "final_train_loss": 0.500752351031081,
    "final_train_acc": 0.8128875707737935,
    "final_test_loss": 0.5139151460332262,
    "final_test_acc": 0.8019401778496362,
    "final_test_f1_macro": 0.7993286003321075
}