{
    "task": "env",
    "seq_len": 100,
    "overlap": 0.5,
    "split": "oneout",
    "oneout_type": "one_node_out",
    "test_env": null,
    "test_node": 1,
    "model": "resnet",
    "epochs": 100,
    "batch_size": 64,
    "learning_rate": 0.0001,
    "final_train_loss": 0.42517190106802083,
    "final_train_acc": 0.8479231799910675,
    "final_test_loss": 1.775956924384693,
    "final_test_acc": 0.47455295735900965,
    "final_test_f1_macro": 0.38614292380527393
}