{
    "task": "node",
    "seq_len": 500,
    "overlap": 0.5,
    "split": "leave_one_env_out",
    "test_env": 4,
    "model": "cnn",
    "epochs": 100,
    "batch_size": 64,
    "learning_rate": 0.0001,
    "final_train_loss": 1.09259114950316,
    "final_train_acc": 0.4708423326133909,
    "final_test_loss": 1.4090248124074127,
    "final_test_acc": 0.2076271186440678,
    "final_test_f1_macro": 0.08596491228070176
}