{
    "task": "node",
    "seq_len": 100,
    "overlap": 0.5,
    "split": "random",
    "test_env": null,
    "model": "resnet",
    "epochs": 100,
    "batch_size": 64,
    "learning_rate": 0.0001,
    "final_train_loss": 0.3325334911360905,
    "final_train_acc": 0.8862665767588223,
    "final_test_loss": 0.5550270056049323,
    "final_test_acc": 0.7768037761294673,
    "final_test_f1_macro": 0.7728751407552705
}