{
    "task": "node",
    "seq_len": 500,
    "overlap": 0.5,
    "split": "leave_one_env_out",
    "test_env": 4,
    "model": "resnet",
    "epochs": 100,
    "batch_size": 64,
    "learning_rate": 0.0001,
    "final_train_loss": 0.8778239156463491,
    "final_train_acc": 0.6166306695464363,
    "final_test_loss": 1.3941521078853283,
    "final_test_acc": 0.2076271186440678,
    "final_test_f1_macro": 0.08596491228070176
}