{
    "task": "node",
    "seq_len": 1000,
    "overlap": 0.4,
    "split": "random",
    "test_env": null,
    "model": "resnet",
    "epochs": 100,
    "batch_size": 64,
    "learning_rate": 0.0001,
    "final_train_loss": 0.4619767936337896,
    "final_train_acc": 0.8431372549019608,
    "final_test_loss": 0.4690081226725538,
    "final_test_acc": 0.8739495798319328,
    "final_test_f1_macro": 0.8700157824917979
}