{
    "task": "env",
    "seq_len": 1000,
    "overlap": 0.5,
    "split": "random",
    "test_env": null,
    "model": "resnet",
    "epochs": 100,
    "batch_size": 64,
    "learning_rate": 0.0001,
    "final_train_loss": 0.1344872052377125,
    "final_train_acc": 0.9787735849056604,
    "final_test_loss": 0.18008580384120135,
    "final_test_acc": 0.9859154929577465,
    "final_test_f1_macro": 0.9852403248685085
}