{
    "task": "env",
    "seq_len": 500,
    "overlap": 0.5,
    "split": "oneout",
    "oneout_type": "one_node_out",
    "test_env": null,
    "test_node": 1,
    "model": "cnn",
    "epochs": 100,
    "batch_size": 64,
    "learning_rate": 0.0001,
    "final_train_loss": 1.0323522879297133,
    "final_train_acc": 0.6180159635119726,
    "final_test_loss": 1.4378892041089242,
    "final_test_acc": 0.49473684210526314,
    "final_test_f1_macro": 0.4059887005649717
}