{
    "feature": "latency",
    "task": "node",
    "seq_len": 1000,
    "overlap": 0.5,
    "split": "random",
    "oneout_type": null,
    "test_env": null,
    "test_node": null,
    "model": "resnet",
    "epochs": 200,
    "batch_size": 64,
    "learning_rate": 0.0001,
    "final_train_loss": 0.45961637429471286,
    "final_train_acc": 0.8301886792452831,
    "final_test_loss": 0.44059263400628534,
    "final_test_acc": 0.7887323943661971,
    "final_test_f1_macro": 0.7879727641209576
}