{
    "task": "env",
    "seq_len": 100,
    "overlap": 0.4,
    "split": "oneout",
    "oneout_type": "one_node_out",
    "test_env": null,
    "test_node": 1,
    "model": "cnn",
    "epochs": 100,
    "batch_size": 64,
    "learning_rate": 0.0001,
    "final_train_loss": 0.8070166920517075,
    "final_train_acc": 0.661666220198232,
    "final_test_loss": 1.4578898026740756,
    "final_test_acc": 0.4624896949711459,
    "final_test_f1_macro": 0.36501450763071075
}