{
    "task": "node",
    "seq_len": 500,
    "overlap": 0.4,
    "split": "oneout",
    "oneout_type": "one_env_out",
    "test_env": 3,
    "test_node": null,
    "model": "cnn",
    "epochs": 100,
    "batch_size": 64,
    "learning_rate": 0.0001,
    "final_train_loss": 1.1021285227366857,
    "final_train_acc": 0.42183288409703507,
    "final_test_loss": 1.387948911620657,
    "final_test_acc": 0.2511013215859031,
    "final_test_f1_macro": 0.10035211267605634
}