{
    "task": "node",
    "seq_len": 500,
    "overlap": 0.4,
    "split": "random",
    "test_env": null,
    "model": "resnet",
    "epochs": 100,
    "batch_size": 64,
    "learning_rate": 0.0001,
    "final_train_loss": 0.21092871221464857,
    "final_train_acc": 0.9573002754820936,
    "final_test_loss": 0.31183933524928464,
    "final_test_acc": 0.9218106995884774,
    "final_test_f1_macro": 0.9206448166040999
}