{
    "task": "node",
    "seq_len": 100,
    "overlap": 0.5,
    "split": "leave_one_env_out",
    "test_env": 3,
    "model": "cnn",
    "epochs": 20,
    "batch_size": 64,
    "learning_rate": 0.001,
    "final_train_loss": 0.8365389826307245,
    "final_train_acc": 0.6035233945823073,
    "final_test_loss": 2.3807168706258137,
    "final_test_acc": 0.26266666666666666,
    "final_test_f1_macro": 0.25
}