{
    "task": "node",
    "seq_len": 100,
    "overlap": 0.5,
    "split": "random",
    "test_env": null,
    "model": "cnn",
    "epochs": 100,
    "batch_size": 64,
    "learning_rate": 0.0001,
    "final_train_loss": 0.6027668125041551,
    "final_train_acc": 0.7599460552933244,
    "final_test_loss": 0.5694184172659892,
    "final_test_acc": 0.7700606877950101,
    "final_test_f1_macro": 0.7673365275485826
}