{
    "task": "env",
    "seq_len": 1000,
    "overlap": 0.4,
    "split": "random",
    "test_env": null,
    "model": "resnet",
    "epochs": 100,
    "batch_size": 64,
    "learning_rate": 0.0001,
    "final_train_loss": 0.15598405826659428,
    "final_train_acc": 0.9747899159663865,
    "final_test_loss": 0.17848882291998183,
    "final_test_acc": 0.9747899159663865,
    "final_test_f1_macro": 0.9710905928007494
}