{
    "task": "env",
    "seq_len": 100,
    "overlap": 0.4,
    "split": "oneout",
    "oneout_type": "one_node_out",
    "test_env": null,
    "test_node": 1,
    "model": "resnet",
    "epochs": 100,
    "batch_size": 64,
    "learning_rate": 0.0001,
    "final_train_loss": 0.41848979272824527,
    "final_train_acc": 0.8598982051968925,
    "final_test_loss": 1.599178457938239,
    "final_test_acc": 0.5737840065952184,
    "final_test_f1_macro": 0.4513751078564135
}