{
    "task": "node",
    "seq_len": 500,
    "overlap": 0.4,
    "split": "leave_one_env_out",
    "test_env": 4,
    "model": "cnn",
    "epochs": 20,
    "batch_size": 64,
    "learning_rate": 0.001,
    "final_train_loss": 0.8415910419404815,
    "final_train_acc": 0.6424870466321243,
    "final_test_loss": 1.4147002303660823,
    "final_test_acc": 0.20812182741116753,
    "final_test_f1_macro": 0.0861344537815126
}