{
    "task": "env",
    "seq_len": 500,
    "overlap": 0.5,
    "split": "oneout",
    "oneout_type": "one_node_out",
    "test_env": null,
    "test_node": 1,
    "model": "resnet",
    "epochs": 100,
    "batch_size": 64,
    "learning_rate": 0.0001,
    "final_train_loss": 0.5861863846653815,
    "final_train_acc": 0.8187001140250855,
    "final_test_loss": 1.358257045662194,
    "final_test_acc": 0.6456140350877193,
    "final_test_f1_macro": 0.48247823383084576
}