{
    "task": "node",
    "seq_len": 100,
    "overlap": 0.4,
    "split": "random",
    "test_env": null,
    "model": "resnet",
    "epochs": 100,
    "batch_size": 64,
    "learning_rate": 0.0001,
    "final_train_loss": 0.20705512217046373,
    "final_train_acc": 0.939875977352386,
    "final_test_loss": 0.5563862701530118,
    "final_test_acc": 0.7712206952303962,
    "final_test_f1_macro": 0.7677068092640111
}