{
    "task": "node",
    "seq_len": 1000,
    "overlap": 0.4,
    "split": "leave_one_env_out",
    "test_env": 4,
    "model": "cnn",
    "epochs": 100,
    "batch_size": 64,
    "learning_rate": 0.0001,
    "final_train_loss": 1.2028623254675614,
    "final_train_acc": 0.47368421052631576,
    "final_test_loss": 1.3939509391784668,
    "final_test_acc": 0.20833333333333334,
    "final_test_f1_macro": 0.08620689655172414
}