{
    "task": "node",
    "seq_len": 1000,
    "overlap": 0.5,
    "split": "random",
    "test_env": null,
    "model": "cnn",
    "epochs": 100,
    "batch_size": 64,
    "learning_rate": 0.0001,
    "final_train_loss": 0.7497912217985909,
    "final_train_acc": 0.7193396226415094,
    "final_test_loss": 0.6978363067331449,
    "final_test_acc": 0.7816901408450704,
    "final_test_f1_macro": 0.7786921820010055
}