{
    "task": "node",
    "seq_len": 500,
    "overlap": 0.5,
    "split": "random",
    "test_env": null,
    "model": "resnet",
    "epochs": 100,
    "batch_size": 64,
    "learning_rate": 0.0001,
    "final_train_loss": 0.2510557110527216,
    "final_train_acc": 0.9334098737083811,
    "final_test_loss": 0.41788305531662356,
    "final_test_acc": 0.845360824742268,
    "final_test_f1_macro": 0.8392590498231167
}