{
    "feature": "latency",
    "task": "node",
    "seq_len": 500,
    "overlap": 0.5,
    "split": "oneout",
    "oneout_type": "one_env_out",
    "test_env": 3,
    "test_node": null,
    "model": "resnet",
    "epochs": 200,
    "batch_size": 64,
    "learning_rate": 0.0001,
    "final_train_loss": 0.6182574011661388,
    "final_train_acc": 0.7362514029180696,
    "final_test_loss": 1.3889970942177017,
    "final_test_acc": 0.25830258302583026,
    "final_test_f1_macro": 0.10263929618768329
}