{
    "feature": "latency",
    "task": "node",
    "seq_len": 1000,
    "overlap": 0.5,
    "split": "oneout",
    "oneout_type": "one_env_out",
    "test_env": 3,
    "test_node": null,
    "model": "resnet",
    "epochs": 200,
    "batch_size": 64,
    "learning_rate": 0.0001,
    "final_train_loss": 0.8031931683317893,
    "final_train_acc": 0.6997690531177829,
    "final_test_loss": 1.3890453550152313,
    "final_test_acc": 0.24060150375939848,
    "final_test_f1_macro": 0.09696969696969697
}