{
    "task": "node",
    "seq_len": 100,
    "overlap": 0.4,
    "split": "leave_one_env_out",
    "test_env": 4,
    "model": "cnn",
    "epochs": 100,
    "batch_size": 64,
    "learning_rate": 0.0001,
    "final_train_loss": 0.9524356210876074,
    "final_train_acc": 0.5714285714285714,
    "final_test_loss": 1.517890474452308,
    "final_test_acc": 0.13333333333333333,
    "final_test_f1_macro": 0.13701431492842536
}