{
    "task": "env",
    "seq_len": 1000,
    "overlap": 0.4,
    "split": "oneout",
    "oneout_type": "one_node_out",
    "test_env": null,
    "test_node": 1,
    "model": "resnet",
    "epochs": 100,
    "batch_size": 64,
    "learning_rate": 0.0001,
    "final_train_loss": 0.8381208111648772,
    "final_train_acc": 0.6908077994428969,
    "final_test_loss": 1.4515158916131043,
    "final_test_acc": 0.38461538461538464,
    "final_test_f1_macro": 0.2153163808397398
}